caller_id,receiver_id,duration_sec,timestamp
9695192667,9942211135,3,2024-01-15 11:12:02
9596832859,9475364113,1,2024-01-15 11:56:25
9730913181,9714137833,2,2024-01-15 10:41:20
9890779946,9185675980,600,2024-01-15 15:59:45
9249827706,9914763202,480,2024-01-15 10:49:15
9334760738,9199585092,571,2024-01-15 17:09:13
9932828137,9971759086,10,2024-01-16 15:09:05
9572553155,9477084942,92,2024-01-15 14:08:05
9695192667,9770809983,2,2024-01-15 11:40:49
9917865301,9445331485,2,2024-01-15 12:49:07
9334760738,9810026086,421,2024-01-16 06:33:46
9219540831,9398704996,434,2024-01-16 05:49:14
9971759086,9571447714,21,2024-01-15 15:27:30
9473984594,9611275626,24,2024-01-15 21:19:44
9786579303,9930075810,139,2024-01-15 23:28:44
9596832859,9490732457,2,2024-01-15 10:17:18
9895285932,9732719211,285,2024-01-15 11:44:33
9730913181,9199926988,7,2024-01-15 13:53:12
9395310485,9969119330,135,2024-01-15 13:19:54
9596832859,9828960875,1,2024-01-15 08:38:59
9596832859,9893112954,1,2024-01-15 11:18:28
9896233790,9969119330,226,2024-01-15 14:55:31
9473984594,9611275626,27,2024-01-17 01:51:21
9730913181,9864157523,4,2024-01-15 11:34:35
9131994523,9199585092,453,2024-01-15 09:58:24
9477084942,9875705487,64,2024-01-16 13:17:34
9219540831,9398362082,323,2024-01-15 10:47:37
9226042285,9932828137,101,2024-01-16 07:27:15
9917865301,9896152940,5,2024-01-15 09:15:05
9210053353,9398704996,233,2024-01-15 13:21:53
9695192667,9338411494,1,2024-01-15 11:29:07
9200604502,9384027113,265,2024-01-16 05:25:28
9896233790,9748245888,260,2024-01-16 07:34:46
9890779946,9702632297,246,2024-01-16 04:39:01
9730913181,9198269319,8,2024-01-15 11:43:26
9723123952,9405100495,3,2024-01-15 11:12:30
9917865301,9721849977,7,2024-01-15 10:33:07
9734036506,9702632297,510,2024-01-16 00:06:01
9596832859,9754773573,2,2024-01-15 09:59:19
9685582861,9507943839,36,2024-01-15 20:48:25
9932828137,9971759086,110,2024-01-16 09:01:49
9477084942,9875705487,108,2024-01-15 13:18:54
9328766544,9572553155,101,2024-01-17 01:59:25
9695192667,9261985842,2,2024-01-15 10:55:40
9249827706,9990566476,446,2024-01-16 01:47:18
9339670711,9914763202,592,2024-01-15 12:46:12
9126855092,9764130526,78,2024-01-15 11:59:31
9395310485,9410727955,302,2024-01-15 13:10:43
9730913181,9214408183,8,2024-01-15 08:37:46
9210053353,9764130526,429,2024-01-15 23:15:21
9730913181,9503111666,5,2024-01-15 13:24:17
9723123952,9935504321,3,2024-01-15 09:12:11
9695192667,9210154881,1,2024-01-15 11:40:01
9473984594,9611275626,57,2024-01-15 18:17:36
9596832859,9992649957,3,2024-01-15 10:15:51
9723123952,9741288486,1,2024-01-15 08:55:10
9596832859,9854658900,3,2024-01-15 09:20:43
9723123952,9828326405,2,2024-01-15 08:40:21
9786579303,9746412689,280,2024-01-16 01:17:57
9895285932,9461415646,143,2024-01-15 18:18:45
9126855092,9593303705,549,2024-01-15 21:59:54
9695192667,9208599066,3,2024-01-15 09:29:32
9695192667,9182855381,2,2024-01-15 08:40:44
9730913181,9360642799,2,2024-01-15 12:23:39
9193349856,9465341213,463,2024-01-15 09:52:23
9932828137,9971759086,119,2024-01-15 19:30:14
9611275626,9659542785,97,2024-01-16 19:48:22
9723123952,9990087914,3,2024-01-15 10:08:59
9596832859,9554629125,1,2024-01-15 09:34:09
9695192667,9874364348,1,2024-01-15 09:52:55
9723123952,9950040559,2,2024-01-15 08:06:19
9571447714,9226042285,27,2024-01-15 23:02:44
9826600539,9306468299,147,2024-01-16 01:03:05
9226042285,9932828137,44,2024-01-17 05:42:57
9553035110,9719927151,203,2024-01-16 07:59:16
9126855092,9209747451,383,2024-01-16 05:23:34
9596832859,9653953485,2,2024-01-15 08:10:05
9917865301,9802879944,8,2024-01-15 08:42:49
9596832859,9351258749,3,2024-01-15 11:26:37
9596832859,9200344359,3,2024-01-15 08:17:43
9334760738,9774996843,325,2024-01-15 23:59:20
9596832859,9403754671,3,2024-01-15 10:08:05
9193349856,9965241839,147,2024-01-15 22:44:48
9875705487,9328766544,17,2024-01-16 06:31:18
9334760738,9553778756,125,2024-01-15 16:33:04
9826600539,9930075810,583,2024-01-15 10:56:01
9131994523,9209747451,192,2024-01-16 01:16:56
9226042285,9932828137,64,2024-01-15 23:25:35
9734036506,9965241839,463,2024-01-16 04:14:05
9339670711,9128492780,585,2024-01-15 10:13:09
9473984594,9611275626,117,2024-01-16 16:50:27
9890779946,9336696312,301,2024-01-15 09:23:34
9685582861,9849621470,529,2024-01-16 03:41:52
9875705487,9328766544,51,2024-01-16 12:27:07
9875705487,9328766544,103,2024-01-15 16:35:47
9723123952,9573087862,3,2024-01-15 09:19:05
9875705487,9328766544,30,2024-01-16 20:08:51
9734036506,9853041955,505,2024-01-16 03:20:16
9723123952,9661296425,1,2024-01-15 08:26:24
9932828137,9971759086,35,2024-01-15 17:36:20
9971759086,9571447714,71,2024-01-15 13:40:31
9134126396,9384027113,392,2024-01-15 10:37:27
9339670711,9853041955,582,2024-01-15 21:19:13
9917865301,9877716824,7,2024-01-15 12:27:55
9971759086,9571447714,57,2024-01-16 05:47:27
9723123952,9569948247,3,2024-01-15 11:16:55
9362950628,9199585092,33,2024-01-15 17:35:22
9596832859,9700138002,1,2024-01-15 08:11:57
9596832859,9926178355,2,2024-01-15 09:41:56
9571447714,9226042285,27,2024-01-16 13:58:17
9334760738,9746412689,113,2024-01-15 23:15:48
9596832859,9741975062,2,2024-01-15 11:13:41
9596832859,9355046107,3,2024-01-15 09:19:17
9917865301,9486165467,4,2024-01-15 11:13:34
9826600539,9174684276,87,2024-01-15 16:20:21
9896233790,9469319644,497,2024-01-15 08:33:31
9249827706,9266944844,397,2024-01-16 04:55:41
9659542785,9618537844,113,2024-01-15 16:22:48
9695192667,9968704078,2,2024-01-15 10:04:44
9126855092,9331191390,347,2024-01-15 20:21:40
9826600539,9336696312,82,2024-01-15 17:11:32
9971759086,9571447714,64,2024-01-17 07:43:51
9971759086,9571447714,97,2024-01-16 16:24:31
9553035110,9797808098,96,2024-01-15 22:35:21
9572553155,9477084942,85,2024-01-16 11:57:51
9226042285,9932828137,51,2024-01-17 02:22:36
9473984594,9611275626,50,2024-01-15 16:34:56
9226042285,9932828137,10,2024-01-15 14:46:56
9917865301,9633947427,2,2024-01-15 11:23:44
9126855092,9398704996,51,2024-01-15 17:48:45
9572553155,9477084942,120,2024-01-15 23:49:09
9723123952,9645985356,3,2024-01-15 09:18:48
9553035110,9313500298,511,2024-01-15 20:40:07
9395310485,9675770529,129,2024-01-16 06:50:42
9875705487,9328766544,97,2024-01-17 06:49:59
9875705487,9328766544,99,2024-01-15 08:49:35
9596832859,9571825556,2,2024-01-15 10:42:56
9695192667,9950207886,1,2024-01-15 09:21:28
9596832859,9893112954,3,2024-01-15 08:01:26
9339670711,9488302652,170,2024-01-15 17:18:11
9553035110,9331191390,279,2024-01-15 13:22:22
9131994523,9642621108,433,2024-01-16 05:33:00
9193349856,9797808098,173,2024-01-15 09:39:03
9695192667,9603601664,1,2024-01-15 11:58:33
9134126396,9485451171,309,2024-01-15 13:59:27
9917865301,9846923032,4,2024-01-15 08:33:00
9334760738,9593303705,600,2024-01-15 08:57:21
9473984594,9611275626,40,2024-01-16 06:14:13
9730913181,9486458467,4,2024-01-15 13:59:43
9917865301,9650632566,4,2024-01-15 11:36:45
9917865301,9310659326,6,2024-01-15 09:18:44
9917865301,9994816400,8,2024-01-15 11:32:31
9826600539,9702632297,556,2024-01-15 16:39:55
9395310485,9675770529,193,2024-01-15 23:22:13
9596832859,9996696177,3,2024-01-15 11:33:21
9917865301,9694113766,5,2024-01-15 10:28:03
9131994523,9853041955,514,2024-01-15 16:50:50
9723123952,9461597989,1,2024-01-15 09:32:53
9477084942,9875705487,18,2024-01-15 09:00:15
9611275626,9659542785,13,2024-01-16 00:03:30
9734036506,9748245888,525,2024-01-15 20:33:56
9695192667,9645985356,1,2024-01-15 10:34:03
9226042285,9932828137,26,2024-01-15 17:39:44
9395310485,9719927151,32,2024-01-15 18:05:42
9134126396,9582334538,387,2024-01-15 20:46:59
9896233790,9128492780,442,2024-01-15 20:21:13
9695192667,9946237594,2,2024-01-15 11:11:15
9695192667,9431642423,3,2024-01-15 10:45:11
9695192667,9755621841,3,2024-01-15 11:20:45
9695192667,9695433590,2,2024-01-15 11:08:29
9571447714,9226042285,113,2024-01-15 12:19:20
9362950628,9593303705,338,2024-01-15 22:47:05
9723123952,9790945624,3,2024-01-15 10:25:40
9932828137,9971759086,93,2024-01-16 05:58:52
9571447714,9473984594,7,2024-01-15 18:24:08
9339670711,9702632297,278,2024-01-15 11:42:36
9695192667,9392907427,3,2024-01-15 11:52:11
9932828137,9971759086,90,2024-01-16 17:27:56
9895285932,9868820204,406,2024-01-16 03:49:24
9723123952,9810962214,2,2024-01-15 09:07:41
9723123952,9200344359,2,2024-01-15 08:35:42
9596832859,9828404274,1,2024-01-15 08:37:03
9134126396,9271432881,448,2024-01-15 19:52:33
9695192667,9941599226,1,2024-01-15 10:26:07
9572553155,9477084942,73,2024-01-17 06:27:49
9659542785,9618537844,76,2024-01-15 20:42:11
9730913181,9487298927,5,2024-01-15 10:39:06
9896233790,9199585092,341,2024-01-15 22:39:17
9226042285,9932828137,111,2024-01-16 22:54:56
9917865301,9748971205,6,2024-01-15 13:48:17
9723123952,9666355637,2,2024-01-15 11:24:04
9695192667,9999126903,2,2024-01-15 08:08:39
9971759086,9571447714,120,2024-01-16 14:45:07
9572553155,9477084942,97,2024-01-16 16:12:48
9210053353,9692749116,332,2024-01-15 08:47:55
9917865301,9425545658,2,2024-01-15 12:46:08
9723123952,9166436383,1,2024-01-15 09:52:51
9917865301,9462456889,2,2024-01-15 08:53:20
9895285932,9764130526,195,2024-01-16 03:38:17
9695192667,9874364348,2,2024-01-15 08:31:44
9971759086,9571447714,114,2024-01-15 16:46:52
9723123952,9569732588,2,2024-01-15 10:20:37
9596832859,9872649234,2,2024-01-15 09:09:10
9826600539,9856528252,494,2024-01-15 22:31:02
9734036506,9398362082,298,2024-01-16 05:16:59
9730913181,9780645895,6,2024-01-15 09:49:07
9730913181,9740942859,5,2024-01-15 11:01:05
9734036506,9553778756,191,2024-01-15 21:28:23
9193349856,9203848421,59,2024-01-15 22:09:28
9723123952,9835958147,3,2024-01-15 08:11:14
9730913181,9242278314,6,2024-01-15 12:21:43
9723123952,9405100495,3,2024-01-15 09:28:45
9596832859,9403754671,3,2024-01-15 09:40:12
9730913181,9695088987,6,2024-01-15 13:52:16
9596832859,9872649234,3,2024-01-15 11:34:44
9596832859,9999126903,1,2024-01-15 11:32:35
9917865301,9485752015,6,2024-01-15 09:21:19
9328766544,9572553155,10,2024-01-15 11:12:24
9193349856,9203848421,522,2024-01-15 15:46:56
9572553155,9477084942,50,2024-01-15 18:10:55
9477084942,9875705487,113,2024-01-15 19:18:51
9695192667,9968253265,1,2024-01-15 10:23:29
9896233790,9966647391,549,2024-01-15 15:44:44
9917865301,9324292944,5,2024-01-15 09:40:30
9685582861,9930075810,224,2024-01-15 17:16:26
9659542785,9618537844,90,2024-01-15 21:25:52
9723123952,9603601664,3,2024-01-15 09:49:36
9971759086,9571447714,26,2024-01-17 03:13:49
9618537844,9473984594,24,2024-01-16 09:20:06
9596832859,9819896690,3,2024-01-15 09:58:46
9473984594,9611275626,85,2024-01-15 14:10:17
9553035110,9868820204,42,2024-01-16 04:54:03
9723123952,9198476695,1,2024-01-15 10:16:03
9219540831,9271432881,481,2024-01-15 09:12:53
9723123952,9463318956,1,2024-01-15 10:59:52
9339670711,9209747451,485,2024-01-15 16:35:47
9659542785,9618537844,50,2024-01-15 12:53:29
9210053353,9507943839,520,2024-01-16 00:02:13
9193349856,9849621470,291,2024-01-15 21:37:40
9249827706,9398362082,321,2024-01-15 13:44:36
9473984594,9611275626,91,2024-01-16 23:07:50
9249827706,9582334538,50,2024-01-16 06:37:19
9473984594,9611275626,33,2024-01-16 06:54:25
9395310485,9853041955,583,2024-01-15 17:07:33
9695192667,9826239153,1,2024-01-15 10:58:27
9596832859,9238460786,1,2024-01-15 10:50:40
9477084942,9875705487,108,2024-01-16 14:15:03
9971759086,9571447714,38,2024-01-16 21:49:29
9695192667,9907873857,1,2024-01-15 10:32:35
9477084942,9875705487,50,2024-01-15 17:36:38
9126855092,9507943839,49,2024-01-16 03:38:22
9730913181,9508021882,4,2024-01-15 11:25:22
9917865301,9962017778,7,2024-01-15 10:03:20
9249827706,9553778756,202,2024-01-15 10:46:51
9571447714,9226042285,17,2024-01-16 04:11:38
9723123952,9494966219,2,2024-01-15 09:07:47
9226042285,9932828137,51,2024-01-16 04:39:02
9695192667,9793773681,2,2024-01-15 11:02:45
9730913181,9581942228,6,2024-01-15 08:20:04
9219540831,9414797776,476,2024-01-15 08:03:41
9339670711,9414797776,381,2024-01-15 15:24:45
9659542785,9618537844,39,2024-01-16 13:29:40
9917865301,9319594317,5,2024-01-15 12:26:26
9890779946,9506448196,39,2024-01-16 00:56:21
9695192667,9208599066,3,2024-01-15 10:15:20
9134126396,9234031070,482,2024-01-15 18:07:38
9334760738,9507943839,328,2024-01-15 09:11:18
9723123952,9968704078,2,2024-01-15 10:16:11
9730913181,9190945411,5,2024-01-15 13:21:26
9734036506,9685126461,301,2024-01-15 13:05:01
9596832859,9238460786,3,2024-01-15 11:36:07
9875705487,9328766544,24,2024-01-16 17:00:48
9932828137,9971759086,15,2024-01-15 15:15:02
9875705487,9328766544,85,2024-01-17 06:11:16
9695192667,9990087914,3,2024-01-15 08:21:35
9971759086,9571447714,99,2024-01-16 09:01:05
9131994523,9469319644,382,2024-01-15 23:29:31
9226042285,9932828137,68,2024-01-16 19:32:17
9734036506,9485451171,470,2024-01-15 11:36:39
9219540831,9853041955,544,2024-01-16 05:29:16
9572553155,9477084942,41,2024-01-17 00:17:49
9932828137,9971759086,95,2024-01-17 07:15:08
9723123952,9488509962,2,2024-01-15 09:39:55
9473984594,9611275626,96,2024-01-15 17:45:13
9734036506,9209747451,248,2024-01-16 02:36:40
9596832859,9679574436,1,2024-01-15 08:34:28
9596832859,9950040559,2,2024-01-15 10:44:33
9126855092,9344703907,182,2024-01-16 03:51:51
9723123952,9835958147,3,2024-01-15 09:39:50
9572553155,9477084942,47,2024-01-17 07:03:09
9334760738,9685126461,97,2024-01-15 12:35:40
9477084942,9875705487,59,2024-01-17 01:23:17
9571447714,9226042285,78,2024-01-16 04:28:04
9730913181,9105578324,7,2024-01-15 12:32:41
9596832859,9156027635,2,2024-01-15 09:35:59
9896233790,9764130526,132,2024-01-16 00:09:13
9596832859,9583745511,1,2024-01-15 10:21:28
9917865301,9454190155,8,2024-01-15 11:37:31
9734036506,9410727955,160,2024-01-16 06:39:20
9723123952,9754773573,3,2024-01-15 11:04:45
9896233790,9810026086,335,2024-01-16 07:15:48
9723123952,9233871736,2,2024-01-15 08:51:50
9219540831,9174684276,408,2024-01-16 05:12:30
9730913181,9364623437,5,2024-01-15 10:51:35
9971759086,9571447714,71,2024-01-15 13:09:27
9685582861,9266944844,185,2024-01-16 02:02:03
9618537844,9473984594,13,2024-01-17 04:43:04
9596832859,9622129427,2,2024-01-15 10:57:22
9193349856,9184611066,140,2024-01-16 01:51:00
9328766544,9572553155,83,2024-01-15 16:23:54
9723123952,9266371119,3,2024-01-15 08:55:40
9723123952,9872649234,2,2024-01-15 09:47:44
9572553155,9477084942,75,2024-01-15 21:44:12
9618537844,9473984594,36,2024-01-16 04:16:06
9695192667,9170772317,1,2024-01-15 11:21:08
9571447714,9226042285,90,2024-01-16 15:10:41
9596832859,9294181873,1,2024-01-15 09:38:32
9917865301,9820964511,5,2024-01-15 09:31:52
9219540831,9306468299,353,2024-01-15 22:36:21
9477084942,9875705487,63,2024-01-16 10:36:30
9895285932,9349817734,215,2024-01-15 13:12:56
9572553155,9477084942,21,2024-01-15 15:18:56
9611275626,9659542785,78,2024-01-16 05:01:13
9193349856,9990566476,127,2024-01-15 19:22:46
9786579303,9414797776,576,2024-01-15 12:36:31
9328766544,9572553155,31,2024-01-16 10:46:27
9730913181,9809391059,4,2024-01-15 13:38:42
9695192667,9893253262,2,2024-01-15 10:04:04
9723123952,9285283722,3,2024-01-15 10:55:01
9723123952,9248604290,1,2024-01-15 08:08:37
9890779946,9485451171,582,2024-01-16 01:58:42
9730913181,9941328406,2,2024-01-15 09:31:19
9890779946,9732719211,351,2024-01-15 16:41:25
9723123952,9712483158,3,2024-01-15 10:45:14
9226042285,9932828137,98,2024-01-16 10:52:29
9219540831,9349817734,371,2024-01-15 12:45:46
9890779946,9410727955,523,2024-01-15 18:44:44
9131994523,9685126461,470,2024-01-15 12:38:24
9917865301,9457517705,6,2024-01-15 13:50:30
9328766544,9572553155,52,2024-01-16 15:15:44
9695192667,9251857566,3,2024-01-15 11:26:05
9477084942,9875705487,78,2024-01-16 23:09:03
9730913181,9865694462,3,2024-01-15 11:37:29
9553035110,9774996843,470,2024-01-15 14:23:48
9695192667,9504456327,2,2024-01-15 08:50:12
9971759086,9571447714,102,2024-01-16 01:02:59
9786579303,9465341213,273,2024-01-16 05:26:22
9917865301,9600632621,8,2024-01-15 11:55:09
9890779946,9488302652,454,2024-01-15 20:22:28
9890779946,9506448196,527,2024-01-15 15:48:00
9611275626,9659542785,107,2024-01-16 16:08:21
9730913181,9562760731,8,2024-01-15 11:48:26
9734036506,9174684276,586,2024-01-15 19:00:51
9890779946,9849621470,148,2024-01-15 22:42:56
9723123952,9302120588,1,2024-01-15 08:12:24
9334760738,9128492780,131,2024-01-15 15:33:55
9659542785,9618537844,64,2024-01-16 17:38:44
9723123952,9504456327,1,2024-01-15 09:21:16
9131994523,9732719211,548,2024-01-15 17:39:20
9395310485,9914763202,318,2024-01-16 06:01:16
9395310485,9266944844,575,2024-01-15 16:22:41
9328766544,9572553155,119,2024-01-17 01:16:45
9473984594,9611275626,32,2024-01-17 00:24:27
9695192667,9950040559,3,2024-01-15 08:05:56
9572553155,9477084942,24,2024-01-16 01:33:18
9334760738,9849621470,353,2024-01-15 13:29:46
9219540831,9485451171,112,2024-01-15 14:45:56
9193349856,9746412689,355,2024-01-16 01:13:13
9659542785,9618537844,48,2024-01-15 11:15:13
9723123952,9763606238,2,2024-01-15 10:26:33
9249827706,9702632297,376,2024-01-15 08:45:57
9826600539,9969119330,158,2024-01-16 04:33:20
9126855092,9685126461,261,2024-01-15 22:28:09
9477084942,9875705487,74,2024-01-16 04:51:41
9730913181,9929108437,5,2024-01-15 13:55:33
9826600539,9203848421,49,2024-01-15 12:04:22
9210053353,9209747451,526,2024-01-15 12:25:15
9730913181,9193734690,6,2024-01-15 11:38:53
9339670711,9469319644,400,2024-01-16 06:40:09
9596832859,9489336282,1,2024-01-15 08:07:41
9596832859,9738920648,1,2024-01-15 08:30:58
9730913181,9299434489,5,2024-01-15 08:58:25
9477084942,9875705487,107,2024-01-16 18:17:53
9826600539,9349817734,460,2024-01-16 01:50:51
9126855092,9184611066,269,2024-01-15 17:37:55
9730913181,9508099975,5,2024-01-15 10:59:58
9611275626,9659542785,82,2024-01-16 20:04:03
9596832859,9237217505,3,2024-01-15 08:20:15
9723123952,9812548074,3,2024-01-15 09:50:53
9971759086,9571447714,11,2024-01-15 08:35:13
9695192667,9355046107,3,2024-01-15 08:55:12
9596832859,9573087862,1,2024-01-15 11:30:40
9695192667,9749620068,1,2024-01-15 09:21:28
9695192667,9461597989,3,2024-01-15 11:16:21
9695192667,9461597989,3,2024-01-15 11:40:20
9695192667,9248604290,1,2024-01-15 11:15:45
9611275626,9659542785,48,2024-01-15 10:20:49
9596832859,9747145068,2,2024-01-15 10:21:41
9695192667,9893112954,3,2024-01-15 11:12:10
9695192667,9673390109,2,2024-01-15 08:24:49
9200604502,9966647391,565,2024-01-15 19:31:07
9571447714,9226042285,114,2024-01-15 23:04:08
9917865301,9380849661,6,2024-01-15 12:47:30
9917865301,9256683320,6,2024-01-15 08:23:14
9477084942,9875705487,43,2024-01-15 23:42:35
9685582861,9914763202,38,2024-01-16 04:36:17
9571447714,9473984594,10,2024-01-17 07:19:58
9695192667,9622129427,2,2024-01-15 11:42:56
9723123952,9233871736,2,2024-01-15 09:18:35
9826600539,9810026086,132,2024-01-16 00:01:51
9131994523,9764130526,276,2024-01-16 01:20:02
9917865301,9435997460,2,2024-01-15 13:47:44
9917865301,9855665764,7,2024-01-15 13:36:42
9596832859,9622129427,3,2024-01-15 09:42:06
9917865301,9116464447,2,2024-01-15 08:40:35
9572553155,9477084942,16,2024-01-16 01:25:41
9896233790,9465341213,599,2024-01-15 21:22:56
9730913181,9430999662,3,2024-01-15 13:45:53
9730913181,9563693201,6,2024-01-15 09:46:47
9219540831,9349817734,239,2024-01-15 18:58:27
9249827706,9174684276,118,2024-01-15 18:09:19
9786579303,9506448196,227,2024-01-15 22:30:27
9596832859,9712483158,2,2024-01-15 08:17:09
9723123952,9240712839,2,2024-01-15 10:57:38
9210053353,9990566476,362,2024-01-16 04:39:55
9695192667,9935504321,3,2024-01-15 10:56:22
9131994523,9810026086,41,2024-01-15 12:10:14
9723123952,9725711790,2,2024-01-15 08:33:27
9210053353,9692749116,159,2024-01-16 07:13:26
9685582861,9209747451,483,2024-01-15 18:49:34
9917865301,9917792874,8,2024-01-15 08:17:18
9226042285,9932828137,118,2024-01-15 12:36:41
9723123952,9793663866,3,2024-01-15 11:37:11
9734036506,9185675980,359,2024-01-15 14:52:07
9572553155,9477084942,102,2024-01-17 04:14:36
9875705487,9328766544,107,2024-01-17 07:19:11
9618537844,9473984594,77,2024-01-17 06:32:18
9395310485,9185675980,387,2024-01-15 10:30:16
9730913181,9650229169,6,2024-01-15 13:48:31
9618537844,9473984594,89,2024-01-15 20:33:47
9896233790,9149203558,594,2024-01-15 15:49:43
9723123952,9190966348,3,2024-01-15 08:16:09
9875705487,9328766544,17,2024-01-16 01:48:08
9596832859,9190966348,1,2024-01-15 09:22:14
9596832859,9277746324,2,2024-01-15 08:35:02
9596832859,9935504321,1,2024-01-15 11:46:45
9917865301,9403932500,6,2024-01-15 10:36:34
9730913181,9878295151,7,2024-01-15 12:33:19
9695192667,9935504321,3,2024-01-15 10:23:10
9611275626,9659542785,45,2024-01-16 00:22:21
9875705487,9328766544,31,2024-01-16 11:04:43
9695192667,9468763500,1,2024-01-15 11:39:43
9210053353,9856528252,263,2024-01-15 16:06:59
9596832859,9402550088,2,2024-01-15 09:39:12
9618537844,9473984594,33,2024-01-16 10:38:10
9596832859,9922816526,3,2024-01-15 08:35:26
9890779946,9593303705,591,2024-01-15 19:50:22
9730913181,9538134097,2,2024-01-15 08:59:43
9917865301,9901955461,3,2024-01-15 08:37:07
9917865301,9796559239,2,2024-01-15 08:52:36
9723123952,9947425963,3,2024-01-15 10:38:33
9695192667,9927959968,2,2024-01-15 09:14:30
9328766544,9572553155,44,2024-01-16 22:08:45
9226042285,9932828137,73,2024-01-16 03:33:15
9362950628,9106977991,570,2024-01-16 06:05:07
9618537844,9473984594,59,2024-01-17 04:30:50
9695192667,9338411494,1,2024-01-15 09:05:43
9917865301,9614745610,7,2024-01-15 12:58:29
9571447714,9226042285,100,2024-01-16 05:18:32
9932828137,9971759086,80,2024-01-17 02:05:01
9596832859,9266371119,2,2024-01-15 11:44:49
9695192667,9919390458,3,2024-01-15 09:27:04
9226042285,9932828137,63,2024-01-16 11:19:09
9723123952,9274211616,3,2024-01-15 10:33:42
9695192667,9156227043,2,2024-01-15 11:53:19
9695192667,9725711790,1,2024-01-15 09:22:07
9596832859,9475617211,3,2024-01-15 08:04:26
9723123952,9673390109,2,2024-01-15 08:46:33
9395310485,9919795579,188,2024-01-15 10:43:27
9695192667,9812548074,2,2024-01-15 08:55:31
9126855092,9185675980,272,2024-01-15 14:03:18
9786579303,9106977991,579,2024-01-15 12:29:59
9723123952,9515985367,1,2024-01-15 08:13:49
9200604502,9732719211,268,2024-01-15 19:57:44
9596832859,9208599066,1,2024-01-15 10:47:53
9219540831,9593303705,100,2024-01-15 16:32:51
9695192667,9454002758,1,2024-01-15 09:13:18
9730913181,9894198823,3,2024-01-15 13:00:25
9571447714,9226042285,47,2024-01-17 01:42:19
9395310485,9582334538,460,2024-01-15 21:48:15
9596832859,9582032731,1,2024-01-15 08:34:13
9134126396,9856528252,31,2024-01-16 07:56:40
9730913181,9659531734,5,2024-01-15 08:46:53
9596832859,9893253262,1,2024-01-15 08:12:06
9723123952,9992329618,1,2024-01-15 08:54:21
9596832859,9459327003,3,2024-01-15 09:20:13
9571447714,9226042285,82,2024-01-16 09:32:44
9611275626,9659542785,104,2024-01-17 07:35:56
9473984594,9611275626,120,2024-01-16 10:08:39
9618537844,9473984594,35,2024-01-16 16:44:13
9596832859,9210154881,3,2024-01-15 10:54:08
9362950628,9764130526,80,2024-01-15 10:58:13
9219540831,9465341213,259,2024-01-16 07:40:15
9695192667,9351258749,1,2024-01-15 08:12:22
9572553155,9477084942,46,2024-01-15 09:57:11
9193349856,9914763202,63,2024-01-15 21:29:26
9695192667,9795038832,1,2024-01-15 11:48:20
9210053353,9732719211,470,2024-01-16 05:06:59
9249827706,9550455977,503,2024-01-15 21:48:55
9875705487,9328766544,25,2024-01-15 08:55:20
9695192667,9992329618,3,2024-01-15 11:38:59
9695192667,9661296425,3,2024-01-15 09:20:33
9210053353,9969119330,308,2024-01-15 20:13:40
9917865301,9711806831,3,2024-01-15 13:09:29
9826600539,9732719211,541,2024-01-15 22:24:16
9695192667,9741288486,2,2024-01-15 09:07:44
9695192667,9777409303,3,2024-01-15 11:05:20
9723123952,9749620068,1,2024-01-15 11:14:51
9730913181,9729078621,2,2024-01-15 11:36:06
9917865301,9614237373,2,2024-01-15 09:59:27
9730913181,9210909937,8,2024-01-15 10:15:34
9126855092,9128492780,199,2024-01-15 19:11:59
9917865301,9909956465,7,2024-01-15 09:22:28
9723123952,9584394989,3,2024-01-15 10:37:43
9730913181,9577531502,4,2024-01-15 10:12:10
9659542785,9618537844,12,2024-01-16 08:58:55
9477084942,9875705487,12,2024-01-17 02:46:13
9730913181,9413368711,6,2024-01-15 13:17:02
9875705487,9328766544,26,2024-01-16 03:34:14
9219540831,9465341213,575,2024-01-15 23:35:48
9723123952,9810741110,3,2024-01-15 09:33:28
9917865301,9205879779,6,2024-01-15 10:12:49
9596832859,9584394989,2,2024-01-15 11:12:14
9917865301,9876914430,6,2024-01-15 11:36:39
9695192667,9941599226,3,2024-01-15 08:40:55
9695192667,9950207886,3,2024-01-15 08:59:30
9723123952,9406084084,3,2024-01-15 10:51:49
9971759086,9571447714,27,2024-01-16 11:52:08
9730913181,9393482659,5,2024-01-15 09:19:41
9932828137,9971759086,97,2024-01-15 11:31:30
9723123952,9261985842,3,2024-01-15 10:25:00
9596832859,9861104727,1,2024-01-15 09:08:25
9596832859,9329987621,3,2024-01-15 08:08:50
9685582861,9810026086,73,2024-01-15 23:52:56
9210053353,9675770529,464,2024-01-15 17:06:20
9553035110,9702632297,84,2024-01-15 13:31:27
9695192667,9274008639,2,2024-01-15 10:47:54
9219540831,9234031070,583,2024-01-15 08:32:14
9596832859,9583745511,1,2024-01-15 11:03:16
9473984594,9611275626,59,2024-01-16 14:48:17
9917865301,9604111500,7,2024-01-15 13:54:55
9473984594,9611275626,75,2024-01-16 12:17:13
9249827706,9797808098,456,2024-01-16 06:04:31
9611275626,9659542785,24,2024-01-17 01:42:13
9695192667,9903734960,3,2024-01-15 08:29:18
9219540831,9969119330,110,2024-01-15 11:07:06
9723123952,9679574436,2,2024-01-15 10:12:13
9395310485,9414797776,249,2024-01-15 10:20:18
9596832859,9946237594,1,2024-01-15 11:31:56
9596832859,9699108439,3,2024-01-15 10:30:24
9723123952,9504456327,2,2024-01-15 11:42:45
9890779946,9331191390,164,2024-01-16 07:30:07
9334760738,9883543540,147,2024-01-15 13:57:45
9723123952,9935504321,3,2024-01-15 09:12:16
9611275626,9659542785,79,2024-01-15 11:01:47
9730913181,9440030663,7,2024-01-15 09:54:29
9723123952,9639991949,1,2024-01-15 11:29:25
9611275626,9659542785,73,2024-01-16 13:47:32
9596832859,9417604347,3,2024-01-15 11:36:47
9695192667,9651208305,2,2024-01-15 11:59:24
9596832859,9306164050,3,2024-01-15 10:00:04
9730913181,9282088279,2,2024-01-15 09:17:22
9362950628,9344703907,452,2024-01-15 08:54:08
9596832859,9645985356,1,2024-01-15 10:23:38
9723123952,9799905142,3,2024-01-15 10:09:35
9200604502,9868820204,492,2024-01-16 02:20:39
9596832859,9329987621,2,2024-01-15 08:51:00
9896233790,9969119330,580,2024-01-15 12:56:21
9395310485,9685126461,266,2024-01-15 21:56:45
9219540831,9199585092,120,2024-01-15 19:27:04
9932828137,9971759086,31,2024-01-15 11:46:15
9596832859,9452699013,2,2024-01-15 11:15:46
9473984594,9611275626,63,2024-01-17 03:25:49
9572553155,9477084942,62,2024-01-17 04:51:40
9896233790,9174684276,531,2024-01-16 06:24:54
9193349856,9868820204,411,2024-01-15 12:44:14
9917865301,9327426863,8,2024-01-15 08:26:29
9786579303,9849621470,205,2024-01-16 06:30:18
9730913181,9693819730,3,2024-01-15 13:41:21
9572553155,9932828137,22,2024-01-15 10:34:30
9695192667,9457944766,3,2024-01-15 08:59:19
9695192667,9843937341,2,2024-01-15 09:03:56
9695192667,9314423806,2,2024-01-15 11:34:34
9730913181,9265653546,6,2024-01-15 12:57:59
9219540831,9398704996,99,2024-01-15 09:08:37
9596832859,9877103091,1,2024-01-15 10:29:51
9826600539,9506448196,444,2024-01-15 14:00:32
9596832859,9190060226,3,2024-01-15 10:24:07
9723123952,9616030284,2,2024-01-15 08:37:29
9875705487,9328766544,76,2024-01-16 02:52:40
9730913181,9544325176,7,2024-01-15 13:14:09
9730913181,9780884334,4,2024-01-15 10:26:35
9695192667,9417604347,2,2024-01-15 09:44:26
9596832859,9747145068,1,2024-01-15 08:54:52
9611275626,9659542785,106,2024-01-16 02:01:28
9219540831,9849621470,87,2024-01-15 18:40:52
9875705487,9328766544,54,2024-01-16 22:05:02
9695192667,9119574893,3,2024-01-15 09:00:18
9695192667,9187512088,2,2024-01-15 11:25:49
9210053353,9849621470,455,2024-01-15 14:23:41
9695192667,9569948247,2,2024-01-15 11:10:08
9473984594,9611275626,33,2024-01-16 19:26:17
9334760738,9849621470,157,2024-01-15 18:56:03
9571447714,9473984594,23,2024-01-16 22:37:49
9723123952,9941599226,3,2024-01-15 08:30:00
9723123952,9272134062,3,2024-01-15 08:17:00
9723123952,9504456327,3,2024-01-15 09:31:51
9723123952,9828404274,2,2024-01-15 09:27:42
9226042285,9932828137,60,2024-01-15 23:51:42
9596832859,9182855381,1,2024-01-15 11:01:25
9334760738,9234031070,359,2024-01-16 00:55:46
9571447714,9473984594,25,2024-01-15 17:41:43
9695192667,9673390109,3,2024-01-15 10:36:26
9723123952,9308323285,2,2024-01-15 11:58:20
9200604502,9461415646,438,2024-01-15 21:10:47
9596832859,9968704078,3,2024-01-15 11:05:31
9932828137,9971759086,20,2024-01-16 11:04:36
9685582861,9149203558,524,2024-01-15 11:52:59
9734036506,9702632297,112,2024-01-15 19:43:39
9723123952,9468763500,2,2024-01-15 10:17:41
9596832859,9538912794,1,2024-01-15 08:10:27
9723123952,9922653967,2,2024-01-15 11:37:03
9477084942,9875705487,19,2024-01-16 22:28:07
9695192667,9810741110,2,2024-01-15 08:42:21
9210053353,9199585092,353,2024-01-15 10:38:28
9917865301,9380004069,8,2024-01-15 13:09:32
9126855092,9149203558,366,2024-01-16 03:25:42
9723123952,9976928440,3,2024-01-15 11:05:53
9730913181,9209770151,2,2024-01-15 12:05:15
9730913181,9128198506,7,2024-01-15 11:13:52
9596832859,9452699013,3,2024-01-15 09:48:44
9572553155,9932828137,17,2024-01-16 10:30:14
9596832859,9725711790,3,2024-01-15 10:59:25
9553035110,9306468299,446,2024-01-15 14:55:57
9131994523,9883543540,354,2024-01-16 00:06:48
9890779946,9746412689,85,2024-01-16 04:08:49
9572553155,9477084942,105,2024-01-15 19:01:21
9611275626,9659542785,31,2024-01-16 17:18:04
9473984594,9611275626,114,2024-01-16 11:57:28
9572553155,9932828137,10,2024-01-15 18:55:43
9193349856,9344703907,229,2024-01-15 21:58:48
9200604502,9506448196,57,2024-01-15 11:03:23
9723123952,9403754671,1,2024-01-15 10:30:16
9695192667,9261985842,1,2024-01-15 11:22:13
9723123952,9941599226,2,2024-01-15 10:48:47
9723123952,9969533218,2,2024-01-15 09:30:27
9473984594,9611275626,11,2024-01-16 19:17:17
9571447714,9226042285,31,2024-01-16 07:34:03
9226042285,9932828137,91,2024-01-16 10:05:05
9219540831,9313500298,463,2024-01-15 18:04:25
9219540831,9271432881,534,2024-01-15 12:13:40
9477084942,9875705487,111,2024-01-16 12:58:46
9786579303,9675770529,275,2024-01-15 13:45:58
9730913181,9344961731,5,2024-01-15 08:42:00
9596832859,9893112954,1,2024-01-15 10:47:04
9723123952,9828960875,2,2024-01-15 10:37:44
9596832859,9927959968,3,2024-01-15 08:05:33
9723123952,9156027635,1,2024-01-15 08:43:09
9695192667,9583745511,2,2024-01-15 08:36:01
9611275626,9659542785,54,2024-01-15 14:20:02
9723123952,9665359037,3,2024-01-15 09:16:22
9210053353,9506448196,440,2024-01-16 04:01:42
9730913181,9482049366,4,2024-01-15 10:17:27
9917865301,9508732434,2,2024-01-15 12:34:16
9723123952,9810741110,1,2024-01-15 08:58:44
9473984594,9611275626,81,2024-01-16 20:48:17
9226042285,9932828137,105,2024-01-16 04:15:35
9695192667,9793663866,1,2024-01-15 08:48:44
9685582861,9914763202,461,2024-01-15 17:11:05
9932828137,9971759086,21,2024-01-17 07:39:56
9730913181,9282001119,8,2024-01-15 09:52:58
9249827706,9203848421,176,2024-01-15 16:27:13
9362950628,9553778756,451,2024-01-16 02:02:22
9917865301,9704006325,8,2024-01-15 11:56:58
9596832859,9603601664,1,2024-01-15 11:05:25
9596832859,9666355637,2,2024-01-15 09:14:36
9362950628,9692749116,336,2024-01-15 09:03:14
9193349856,9919795579,508,2024-01-15 09:58:20
9571447714,9226042285,44,2024-01-16 21:27:30
9896233790,9774996843,578,2024-01-15 14:44:27
9786579303,9199585092,109,2024-01-15 19:23:53
9890779946,9582334538,207,2024-01-16 05:55:57
9200604502,9461415646,444,2024-01-16 07:18:24
9890779946,9271432881,287,2024-01-15 16:23:37
9219540831,9465341213,549,2024-01-15 10:42:04
9611275626,9659542785,63,2024-01-16 16:19:13
9695192667,9835958147,2,2024-01-15 10:35:02
9249827706,9914763202,193,2024-01-15 11:56:08
9695192667,9790945624,1,2024-01-15 11:00:16
9730913181,9695647539,7,2024-01-15 12:53:13
9596832859,9576954730,3,2024-01-15 09:40:44
9596832859,9799905142,3,2024-01-15 08:50:48
9596832859,9190966348,2,2024-01-15 11:10:04
9339670711,9797808098,495,2024-01-15 11:20:15
9126855092,9965241839,557,2024-01-16 07:02:40
9572553155,9477084942,118,2024-01-17 07:56:37
9193349856,9384027113,39,2024-01-15 12:04:23
9131994523,9398362082,122,2024-01-15 22:21:57
9695192667,9201474984,1,2024-01-15 09:30:17
9917865301,9873106931,6,2024-01-15 13:07:45
9249827706,9336696312,595,2024-01-15 10:43:58
9473984594,9611275626,46,2024-01-15 18:12:57
9895285932,9234031070,551,2024-01-15 22:33:06
9611275626,9659542785,79,2024-01-15 23:54:49
9611275626,9659542785,72,2024-01-15 20:10:44
9723123952,9976928440,2,2024-01-15 11:12:29
9695192667,9338411494,1,2024-01-15 10:58:07
9695192667,9463318956,2,2024-01-15 11:24:10
9477084942,9875705487,20,2024-01-17 06:38:33
9611275626,9659542785,67,2024-01-16 03:08:15
9596832859,9819896690,3,2024-01-15 09:32:26
9126855092,9883543540,205,2024-01-16 03:26:50
9200604502,9203848421,569,2024-01-15 19:13:45
9685582861,9349817734,429,2024-01-15 17:39:20
9126855092,9488302652,71,2024-01-15 09:07:47
9226042285,9932828137,103,2024-01-16 17:22:59
9723123952,9638339044,2,2024-01-15 08:13:58
9723123952,9960345542,1,2024-01-15 09:53:44
9596832859,9187512088,2,2024-01-15 08:22:17
9126855092,9209747451,593,2024-01-15 11:33:53
9826600539,9914763202,101,2024-01-15 18:09:45
9932828137,9971759086,66,2024-01-16 17:14:33
9126855092,9675770529,505,2024-01-15 19:00:08
9339670711,9593303705,286,2024-01-16 08:00:00
9695192667,9804980312,1,2024-01-15 10:10:34
9917865301,9443847870,2,2024-01-15 11:41:20
9723123952,9285283722,2,2024-01-15 10:18:01
9723123952,9712483158,3,2024-01-15 10:46:51
9695192667,9491163514,2,2024-01-15 10:24:24
9596832859,9491163514,1,2024-01-15 10:52:33
9210053353,9868820204,228,2024-01-15 18:47:09
9339670711,9106977991,113,2024-01-15 13:43:05
9917865301,9548371040,7,2024-01-15 08:17:58
9917865301,9525880424,2,2024-01-15 08:03:36
9685582861,9930075810,90,2024-01-15 13:59:39
9896233790,9966647391,253,2024-01-16 00:55:52
9596832859,9828404274,1,2024-01-15 09:26:10
9723123952,9200344359,1,2024-01-15 09:19:18
9895285932,9702632297,548,2024-01-16 07:34:34
9695192667,9645985356,3,2024-01-15 09:04:31
9596832859,9459327003,1,2024-01-15 08:17:13
9395310485,9853041955,516,2024-01-16 04:01:03
9226042285,9932828137,116,2024-01-16 02:01:34
9596832859,9504456327,1,2024-01-15 11:14:22
9572553155,9932828137,12,2024-01-15 08:53:41
9723123952,9872649234,2,2024-01-15 11:04:33
9131994523,9128492780,367,2024-01-15 12:27:01
9249827706,9582334538,501,2024-01-15 20:43:50
9723123952,9500346767,2,2024-01-15 11:18:39
9890779946,9797808098,139,2024-01-16 04:08:32
9730913181,9178927201,4,2024-01-15 10:39:10
9200604502,9184611066,414,2024-01-15 22:26:30
9618537844,9473984594,83,2024-01-15 15:24:33
9734036506,9461415646,304,2024-01-15 19:44:05
9395310485,9506448196,523,2024-01-15 16:09:52
9917865301,9225967304,8,2024-01-15 13:44:26
9328766544,9572553155,17,2024-01-16 20:22:49
9932828137,9971759086,60,2024-01-17 05:33:18
9473984594,9611275626,31,2024-01-16 19:39:16
9730913181,9742144634,8,2024-01-15 11:55:05
9730913181,9131810311,3,2024-01-15 10:26:51
9210053353,9331191390,412,2024-01-15 23:57:02
9131994523,9271432881,136,2024-01-15 12:53:21
9596832859,9653953485,2,2024-01-15 08:45:30
9210053353,9149203558,153,2024-01-16 04:36:17
9193349856,9553778756,358,2024-01-15 11:48:30
9695192667,9970768982,3,2024-01-15 08:16:27
9917865301,9360482447,6,2024-01-15 12:09:02
9695192667,9810962214,2,2024-01-15 09:22:27
9723123952,9261462131,3,2024-01-15 08:14:01
9571447714,9226042285,36,2024-01-17 02:48:40
9730913181,9941695782,4,2024-01-15 09:02:11
9193349856,9146654552,440,2024-01-16 03:04:36
9723123952,9144047803,1,2024-01-15 09:57:40
9395310485,9774996843,61,2024-01-15 11:20:26
9730913181,9583774585,5,2024-01-15 10:30:42
9730913181,9700797791,3,2024-01-15 11:08:23
9596832859,9819896690,1,2024-01-15 10:35:49
9896233790,9461415646,400,2024-01-16 07:08:27
9611275626,9659542785,64,2024-01-15 15:27:27
9695192667,9266371119,2,2024-01-15 10:32:10
9596832859,9190966348,2,2024-01-15 11:55:25
9210053353,9719927151,311,2024-01-16 05:31:58
9362950628,9914763202,503,2024-01-15 17:05:42
9917865301,9982177625,4,2024-01-15 13:30:30
9695192667,9504456327,2,2024-01-15 08:16:38
9685582861,9692749116,332,2024-01-16 04:11:07
9553035110,9719927151,301,2024-01-15 20:19:35
9200604502,9506448196,440,2024-01-15 10:32:00
9786579303,9199585092,132,2024-01-15 10:40:02
9477084942,9875705487,49,2024-01-15 13:45:15
9611275626,9659542785,24,2024-01-16 03:30:25
9249827706,9965241839,319,2024-01-16 00:31:50
9895285932,9398362082,471,2024-01-15 13:18:00
9249827706,9774996843,581,2024-01-15 17:33:58
9328766544,9572553155,108,2024-01-15 15:29:35
9395310485,9184611066,515,2024-01-15 10:26:39
9917865301,9624652904,8,2024-01-15 13:35:15
9917865301,9346980616,2,2024-01-15 10:43:26
9477084942,9875705487,88,2024-01-15 19:07:04
9695192667,9968253265,1,2024-01-15 10:01:54
9395310485,9185675980,272,2024-01-15 13:54:59
9572553155,9477084942,41,2024-01-16 04:10:05
9734036506,9414797776,186,2024-01-15 23:51:20
9734036506,9488302652,400,2024-01-16 02:41:11
9334760738,9185675980,303,2024-01-15 09:03:14
9193349856,9313500298,260,2024-01-15 12:07:51
9890779946,9485451171,530,2024-01-15 17:08:34
9328766544,9572553155,30,2024-01-16 02:34:37
9730913181,9480012570,6,2024-01-15 08:24:11
9131994523,9774996843,589,2024-01-16 05:57:49
9971759086,9571447714,21,2024-01-15 14:55:51
9134126396,9185675980,581,2024-01-15 15:10:25
9473984594,9611275626,27,2024-01-15 22:12:31
9730913181,9956905222,6,2024-01-15 09:49:41
9200604502,9746412689,209,2024-01-16 01:07:49
9723123952,9491163514,2,2024-01-15 10:33:28
9659542785,9618537844,52,2024-01-17 00:46:01
9571447714,9226042285,120,2024-01-17 04:26:16
9971759086,9571447714,10,2024-01-15 23:32:27
9193349856,9732719211,582,2024-01-15 15:19:25
9571447714,9473984594,24,2024-01-15 08:37:01
9917865301,9673002461,8,2024-01-15 09:37:54
9875705487,9328766544,103,2024-01-16 01:22:37
9723123952,9673390109,2,2024-01-15 11:37:34
9695192667,9293555835,1,2024-01-15 09:07:35
9890779946,9199585092,403,2024-01-15 13:55:19
9695192667,9992329618,3,2024-01-15 10:09:18
9572553155,9477084942,76,2024-01-17 04:11:42
9334760738,9856528252,546,2024-01-15 23:32:13
9685582861,9856528252,410,2024-01-15 11:56:41
9695192667,9190966348,2,2024-01-15 08:49:08
9695192667,9146914391,1,2024-01-15 09:46:03
9895285932,9128492780,437,2024-01-15 18:02:40
9134126396,9675770529,146,2024-01-16 03:19:07
9730913181,9936626463,4,2024-01-15 11:33:36
9917865301,9376302498,5,2024-01-15 10:06:46
9723123952,9695433590,1,2024-01-15 10:21:38
9695192667,9977130288,1,2024-01-15 11:28:02
9362950628,9146654552,476,2024-01-16 07:06:42
9890779946,9209747451,464,2024-01-16 01:40:56
9917865301,9498041381,6,2024-01-15 12:19:57
9730913181,9196227496,3,2024-01-15 13:53:20
9695192667,9190547712,3,2024-01-15 11:00:42
9723123952,9893253262,2,2024-01-15 10:21:48
9226042285,9932828137,41,2024-01-15 18:38:56
9786579303,9203848421,362,2024-01-15 14:37:14
9826600539,9642621108,208,2024-01-15 17:39:42
9695192667,9893410426,2,2024-01-15 09:44:44
9596832859,9403754671,1,2024-01-15 11:35:49
9695192667,9741975062,3,2024-01-15 10:05:18
9618537844,9473984594,68,2024-01-15 16:17:52
9596832859,9749620068,3,2024-01-15 08:52:11
9695192667,9461597989,1,2024-01-15 10:33:34
9890779946,9488302652,407,2024-01-15 14:06:32
9193349856,9919795579,368,2024-01-16 03:45:21
9134126396,9271432881,499,2024-01-16 07:25:23
9193349856,9146654552,188,2024-01-15 23:06:19
9226042285,9932828137,67,2024-01-15 13:29:56
9226042285,9932828137,91,2024-01-15 14:46:44
9730913181,9389659515,8,2024-01-15 11:25:53
9932828137,9971759086,26,2024-01-17 01:13:30
9695192667,9996696177,2,2024-01-15 09:53:33
9730913181,9917489574,3,2024-01-15 11:51:05
9734036506,9174684276,400,2024-01-15 11:12:31
9334760738,9306468299,571,2024-01-15 08:17:05
9210053353,9849621470,152,2024-01-15 08:16:53
9611275626,9659542785,109,2024-01-16 23:32:52
9618537844,9473984594,100,2024-01-15 23:38:27
9131994523,9174684276,30,2024-01-15 19:03:49
9917865301,9431165907,3,2024-01-15 09:44:49
9730913181,9508807900,4,2024-01-15 12:08:40
9695192667,9406084084,1,2024-01-15 08:08:47
9723123952,9266371119,3,2024-01-15 11:31:37
9193349856,9853041955,502,2024-01-15 14:36:59
9134126396,9764130526,212,2024-01-16 02:29:02
9226042285,9932828137,72,2024-01-15 18:21:09
9786579303,9128492780,520,2024-01-15 22:37:20
9730913181,9188087644,7,2024-01-15 13:45:38
9611275626,9659542785,80,2024-01-16 21:11:44
9786579303,9469319644,225,2024-01-15 11:07:01
9695192667,9960345542,2,2024-01-15 09:04:41
9210053353,9883543540,349,2024-01-15 20:48:10
9890779946,9488302652,563,2024-01-16 01:38:37
9659542785,9618537844,80,2024-01-15 19:39:38
9334760738,9719927151,261,2024-01-16 03:01:34
9226042285,9932828137,83,2024-01-17 06:03:00
9193349856,9209747451,263,2024-01-15 23:03:59
9249827706,9810026086,133,2024-01-15 21:50:23
9596832859,9468763500,2,2024-01-15 08:47:08
9723123952,9653953485,2,2024-01-15 11:20:29
9826600539,9797808098,330,2024-01-15 23:49:45
9618537844,9473984594,106,2024-01-15 12:33:20
9723123952,9274211616,2,2024-01-15 10:11:01
9618537844,9473984594,114,2024-01-16 05:39:33
9572553155,9477084942,73,2024-01-16 12:05:57
9362950628,9774996843,370,2024-01-15 22:59:24
9249827706,9349817734,102,2024-01-16 06:58:39
9875705487,9328766544,18,2024-01-16 06:35:09
9553035110,9732719211,393,2024-01-15 17:24:22
9339670711,9234031070,51,2024-01-15 09:50:29
9328766544,9572553155,39,2024-01-16 21:03:05
9596832859,9233871736,2,2024-01-15 10:23:32
9730913181,9942284665,2,2024-01-15 08:05:45
9917865301,9636120880,4,2024-01-15 11:29:37
9730913181,9192013357,5,2024-01-15 11:02:48
9339670711,9732719211,525,2024-01-15 18:04:01
9723123952,9140531056,1,2024-01-15 10:45:32
9249827706,9203848421,254,2024-01-15 17:56:14
9723123952,9968704078,1,2024-01-15 09:29:33
9723123952,9927959968,3,2024-01-15 10:25:21
9134126396,9732719211,415,2024-01-15 23:17:08
9695192667,9872649234,2,2024-01-15 10:25:15
9695192667,9238460786,1,2024-01-15 11:58:59
9895285932,9344703907,344,2024-01-15 16:43:05
9723123952,9274008639,2,2024-01-15 10:23:29
9611275626,9659542785,20,2024-01-17 01:10:15
9695192667,9270452446,3,2024-01-15 09:00:48
9875705487,9328766544,100,2024-01-15 17:59:29
9917865301,9507849850,3,2024-01-15 13:07:59
9219540831,9853041955,461,2024-01-16 03:09:15
9723123952,9431642423,2,2024-01-15 08:47:17
9210053353,9384027113,44,2024-01-16 04:06:24
9826600539,9914763202,312,2024-01-16 04:14:08
9334760738,9506448196,418,2024-01-15 20:14:52
9730913181,9387732777,5,2024-01-15 13:14:30
9477084942,9875705487,15,2024-01-15 12:24:11
9334760738,9313500298,83,2024-01-15 13:39:52
9473984594,9611275626,89,2024-01-15 11:54:13
9611275626,9659542785,115,2024-01-16 10:42:50
9730913181,9265593497,8,2024-01-15 10:12:23
9723123952,9849987147,3,2024-01-15 11:33:47
9473984594,9611275626,98,2024-01-17 06:59:11
9917865301,9356979659,6,2024-01-15 13:01:16
9553035110,9685126461,224,2024-01-15 18:48:10
9875705487,9328766544,21,2024-01-16 15:38:17
9618537844,9473984594,59,2024-01-15 08:19:26
9917865301,9337591250,7,2024-01-15 11:00:55
9917865301,9919652226,8,2024-01-15 08:41:30
9723123952,9432411019,2,2024-01-15 11:55:58
9249827706,9469319644,451,2024-01-16 04:36:17
9553035110,9507943839,279,2024-01-16 00:37:51
9695192667,9343248743,3,2024-01-15 10:17:13
9826600539,9384027113,586,2024-01-15 21:44:01
9896233790,9883543540,474,2024-01-15 20:35:09
9210053353,9868820204,56,2024-01-15 19:21:28
9553035110,9675770529,482,2024-01-15 09:52:44
9723123952,9973150512,2,2024-01-15 08:41:21
9917865301,9932701695,7,2024-01-15 10:30:02
9334760738,9209747451,454,2024-01-15 17:56:44
9971759086,9571447714,98,2024-01-15 17:37:28
9596832859,9992649957,3,2024-01-15 09:45:40
9932828137,9971759086,30,2024-01-16 03:57:12
9826600539,9128492780,81,2024-01-16 05:16:09
9249827706,9883543540,390,2024-01-15 15:58:25
9917865301,9600368062,5,2024-01-15 12:10:40
9917865301,9691247918,8,2024-01-15 09:16:25
9730913181,9835852444,4,2024-01-15 10:50:20
9553035110,9856528252,100,2024-01-16 03:23:42
9826600539,9883543540,286,2024-01-15 08:56:30
9723123952,9308323285,2,2024-01-15 08:52:30
9896233790,9774996843,95,2024-01-16 01:20:22
9134126396,9410727955,30,2024-01-16 05:48:24
9553035110,9209747451,47,2024-01-15 11:23:16
9734036506,9675770529,290,2024-01-16 00:43:56
9210053353,9199585092,492,2024-01-15 09:22:09
9249827706,9593303705,74,2024-01-16 07:59:23
9596832859,9463318956,2,2024-01-15 08:44:57
9723123952,9922653967,3,2024-01-15 11:21:53
9659542785,9618537844,33,2024-01-17 06:38:17
9896233790,9764130526,315,2024-01-16 04:54:08
9875705487,9328766544,88,2024-01-17 04:20:01
9611275626,9659542785,47,2024-01-15 10:22:50
9723123952,9968253265,3,2024-01-15 11:03:38
9596832859,9248604290,2,2024-01-15 11:02:21
9328766544,9572553155,75,2024-01-16 10:13:24
9695192667,9992329618,1,2024-01-15 08:38:15
9917865301,9875685667,4,2024-01-15 08:44:01
9395310485,9764130526,107,2024-01-15 14:26:58
9477084942,9875705487,45,2024-01-15 14:05:14
9917865301,9117415986,3,2024-01-15 09:55:27
9572553155,9477084942,54,2024-01-16 15:16:01
9328766544,9572553155,18,2024-01-16 03:08:50
9572553155,9477084942,86,2024-01-17 03:41:28
9249827706,9966647391,422,2024-01-15 16:30:13
9723123952,9996696177,1,2024-01-15 09:25:21
9917865301,9727099478,2,2024-01-15 08:40:36
9730913181,9113250637,7,2024-01-15 12:43:19
9695192667,9960345542,1,2024-01-15 08:47:55
9395310485,9306468299,341,2024-01-15 11:06:04
9596832859,9466932310,2,2024-01-15 08:11:53
9734036506,9919795579,93,2024-01-15 15:31:50
9553035110,9199585092,489,2024-01-16 04:33:09
9571447714,9226042285,96,2024-01-15 14:56:02
9477084942,9875705487,79,2024-01-15 20:34:50
9126855092,9883543540,99,2024-01-15 16:33:48
9596832859,9863860982,2,2024-01-15 08:23:58
9723123952,9903734960,3,2024-01-15 08:53:09
9730913181,9448354409,2,2024-01-15 10:21:18
9596832859,9653953485,1,2024-01-15 09:19:32
9596832859,9475364113,3,2024-01-15 10:54:42
9249827706,9507943839,55,2024-01-16 06:33:25
9695192667,9142028540,1,2024-01-15 08:38:23
9210053353,9174684276,531,2024-01-15 13:24:36
9971759086,9571447714,39,2024-01-16 11:53:39
9723123952,9366012797,3,2024-01-15 11:30:28
9723123952,9570039364,3,2024-01-15 11:22:18
9134126396,9209747451,153,2024-01-15 17:01:33
9572553155,9477084942,27,2024-01-15 16:58:04
9730913181,9513646070,3,2024-01-15 12:38:53
9596832859,9641755366,3,2024-01-15 09:55:55
9328766544,9572553155,90,2024-01-15 13:36:43
9734036506,9149203558,339,2024-01-15 15:15:11
9193349856,9149203558,138,2024-01-15 16:51:31
9596832859,9475364113,3,2024-01-15 10:06:52
9695192667,9515070154,1,2024-01-15 08:27:33
9249827706,9306468299,469,2024-01-16 04:25:26
9730913181,9518353415,2,2024-01-15 12:12:06
9917865301,9692790631,5,2024-01-15 08:06:28
9553035110,9485451171,573,2024-01-15 13:43:55
9571447714,9226042285,86,2024-01-16 23:13:54
9917865301,9149086585,2,2024-01-15 12:32:59
9730913181,9301210399,6,2024-01-15 12:36:40
9126855092,9174684276,117,2024-01-15 11:23:39
9826600539,9461415646,553,2024-01-15 12:12:37
9618537844,9473984594,112,2024-01-16 23:05:42
9219540831,9271432881,403,2024-01-15 09:27:09
9134126396,9914763202,32,2024-01-15 18:17:52
9695192667,9498585961,3,2024-01-15 10:08:34
9131994523,9553778756,390,2024-01-16 00:31:13
9334760738,9692749116,437,2024-01-16 07:39:35
9730913181,9516396603,3,2024-01-15 12:03:27
9596832859,9237217505,1,2024-01-15 11:49:09
9734036506,9106977991,283,2024-01-16 07:12:59
9896233790,9868820204,471,2024-01-15 20:53:58
9572553155,9477084942,105,2024-01-16 12:31:35
9723123952,9402550088,1,2024-01-15 10:15:59
9362950628,9990566476,564,2024-01-16 07:40:56
9875705487,9328766544,99,2024-01-16 15:51:24
9917865301,9416960306,3,2024-01-15 10:51:45
9596832859,9863860982,3,2024-01-15 09:31:33
9477084942,9875705487,75,2024-01-15 22:47:47
9596832859,9119574893,3,2024-01-15 09:12:49
9249827706,9336696312,560,2024-01-16 00:54:49
9134126396,9883543540,233,2024-01-15 13:33:52
9334760738,9485451171,169,2024-01-15 10:32:30
9219540831,9410727955,538,2024-01-15 18:25:12
9200604502,9461415646,342,2024-01-16 04:42:11
9618537844,9473984594,51,2024-01-15 22:21:01
9200604502,9764130526,567,2024-01-16 05:43:42
9596832859,9356805216,1,2024-01-15 11:29:39
9659542785,9618537844,96,2024-01-15 19:58:04
9917865301,9363850592,7,2024-01-15 12:55:13
9685582861,9797808098,282,2024-01-16 05:04:40
9362950628,9914763202,346,2024-01-15 20:22:21
9723123952,9935504321,2,2024-01-15 10:11:52
9723123952,9251857566,2,2024-01-15 10:32:23
9131994523,9553778756,58,2024-01-15 12:11:58
9932828137,9971759086,119,2024-01-16 19:20:28
9917865301,9895913682,6,2024-01-15 08:52:04
9695192667,9638339044,2,2024-01-15 09:59:51
9572553155,9932828137,20,2024-01-15 11:20:53
9210053353,9506448196,407,2024-01-16 01:13:51
9131994523,9849621470,256,2024-01-16 07:34:49
9695192667,9922816526,2,2024-01-15 08:43:36
9596832859,9616030284,2,2024-01-15 10:52:30
9890779946,9550455977,482,2024-01-16 04:05:09
9723123952,9190547712,2,2024-01-15 10:00:47
9362950628,9797808098,56,2024-01-15 12:47:55
9210053353,9398704996,444,2024-01-15 16:51:30
9210053353,9485451171,309,2024-01-15 23:07:39
9723123952,9405939035,1,2024-01-15 09:27:08
9618537844,9473984594,43,2024-01-16 19:38:35
9723123952,9747145068,3,2024-01-15 09:03:34
9659542785,9618537844,92,2024-01-15 15:57:48
9596832859,9314423806,1,2024-01-15 10:22:56
9695192667,9582032731,3,2024-01-15 11:30:57
9131994523,9685126461,422,2024-01-15 14:56:23
9917865301,9835348453,6,2024-01-15 11:08:53
9695192667,9749620068,1,2024-01-15 09:54:06
9618537844,9473984594,55,2024-01-16 17:20:25
9659542785,9618537844,66,2024-01-16 16:56:46
9685582861,9883543540,573,2024-01-15 18:44:12
9200604502,9506448196,232,2024-01-15 23:28:43
9339670711,9702632297,597,2024-01-15 15:32:32
9734036506,9313500298,70,2024-01-15 23:43:46
9210053353,9184611066,589,2024-01-15 13:45:06
9596832859,9754773573,1,2024-01-15 09:05:06
9219540831,9106977991,418,2024-01-15 19:55:06
9596832859,9996703082,1,2024-01-15 10:36:43
9723123952,9261985842,2,2024-01-15 10:15:08
9659542785,9618537844,104,2024-01-16 01:45:40
9695192667,9294181873,1,2024-01-15 11:52:23
9695192667,9144047803,2,2024-01-15 10:58:29
9917865301,9318106480,5,2024-01-15 11:25:59
9695192667,9622129427,2,2024-01-15 08:50:52
9723123952,9504456327,2,2024-01-15 08:19:55
9875705487,9328766544,104,2024-01-15 20:47:24
9596832859,9405939035,1,2024-01-15 09:11:28
9210053353,9398704996,122,2024-01-15 23:48:01
9730913181,9698058121,8,2024-01-15 11:16:21
9219540831,9384027113,285,2024-01-15 12:25:06
9339670711,9199585092,364,2024-01-15 20:17:16
9917865301,9544454140,2,2024-01-15 09:33:35
9362950628,9550455977,209,2024-01-15 10:52:30
9226042285,9932828137,61,2024-01-16 21:32:44
9249827706,9398362082,213,2024-01-15 19:00:18
9890779946,9593303705,581,2024-01-16 01:36:12
9618537844,9473984594,85,2024-01-16 15:16:44
9917865301,9700061135,7,2024-01-15 11:12:20
9730913181,9626781451,5,2024-01-15 10:43:42
9932828137,9971759086,56,2024-01-16 02:13:58
9596832859,9510032406,2,2024-01-15 09:38:53
9895285932,9488302652,446,2024-01-16 06:35:51
9896233790,9990566476,227,2024-01-15 19:29:19
9723123952,9843937341,1,2024-01-15 08:12:22
9200604502,9398362082,164,2024-01-15 11:16:53
9334760738,9149203558,104,2024-01-16 00:34:52
9571447714,9226042285,98,2024-01-16 09:31:55
9730913181,9417161302,4,2024-01-15 10:55:07
9596832859,9190966348,3,2024-01-15 10:14:07
9971759086,9571447714,23,2024-01-16 06:49:03
9596832859,9968704078,3,2024-01-15 09:06:03
9362950628,9349817734,448,2024-01-16 00:24:08
9723123952,9356805216,1,2024-01-15 09:06:12
9917865301,9304036387,8,2024-01-15 08:03:29
9895285932,9465341213,244,2024-01-15 17:43:13
9695192667,9571825556,1,2024-01-15 11:46:18
9131994523,9764130526,303,2024-01-16 07:20:12
9695192667,9893112954,2,2024-01-15 09:42:34
9572553155,9477084942,48,2024-01-15 22:57:36
9596832859,9665359037,2,2024-01-15 09:41:35
9131994523,9209747451,173,2024-01-15 23:21:36
9917865301,9789014168,8,2024-01-15 10:58:14
9249827706,9853041955,551,2024-01-16 01:58:06
9685582861,9199585092,409,2024-01-16 03:40:04
9596832859,9308323285,1,2024-01-15 08:17:57
9477084942,9875705487,11,2024-01-16 10:17:39
9596832859,9799905142,2,2024-01-15 08:14:32
9571447714,9226042285,31,2024-01-17 04:52:00
9695192667,9665359037,2,2024-01-15 08:25:14
9618537844,9473984594,50,2024-01-17 03:28:12
9596832859,9777409303,2,2024-01-15 10:18:55
9723123952,9610702777,2,2024-01-15 11:15:00
9875705487,9328766544,95,2024-01-17 07:55:04
9723123952,9454002758,1,2024-01-15 10:00:25
9596832859,9190547712,1,2024-01-15 09:09:53
9695192667,9491163514,3,2024-01-15 11:46:28
9334760738,9702632297,424,2024-01-15 21:53:39
9659542785,9618537844,94,2024-01-16 15:28:01
9477084942,9875705487,90,2024-01-16 20:29:06
9734036506,9969119330,505,2024-01-16 04:44:51
9695192667,9211134294,3,2024-01-15 08:32:16
9723123952,9828960875,2,2024-01-15 10:58:16
9723123952,9308323285,2,2024-01-15 08:44:22
9618537844,9473984594,60,2024-01-17 02:44:39
9193349856,9266944844,50,2024-01-16 04:57:36
9917865301,9263650505,2,2024-01-15 09:53:08
9685582861,9810026086,69,2024-01-16 01:08:14
9932828137,9971759086,12,2024-01-15 17:02:48
9596832859,9190547712,2,2024-01-15 10:44:30
9339670711,9764130526,554,2024-01-15 12:08:38
9895285932,9461415646,101,2024-01-15 20:01:19
9226042285,9932828137,107,2024-01-16 12:35:44
9734036506,9797808098,187,2024-01-16 02:08:43
9917865301,9333019716,3,2024-01-15 09:16:26
9328766544,9572553155,73,2024-01-16 17:08:47
9395310485,9969119330,159,2024-01-16 01:14:30
9723123952,9673390109,2,2024-01-15 08:13:17
9695192667,9510032406,2,2024-01-15 11:16:13
9730913181,9829816799,3,2024-01-15 10:46:23
9596832859,9665359037,2,2024-01-15 11:05:42
9695192667,9308323285,3,2024-01-15 09:50:43
9596832859,9819532005,1,2024-01-15 08:21:51
9730913181,9764233758,6,2024-01-15 09:14:20
